id,Name,email,gender
1,Maje Coughan,mcoughan0@hibu.com,Bigender
2,Sigmund Maffi,smaffi1@pagesperso-orange.fr,Male
3,Dolph Craister,dcraister2@quantcast.com,Male
4,Eartha Dellow,edellow3@upenn.edu,Female
5,Zebadiah Alton,zalton4@blogspot.com,Male
6,Evangelin Cogle,ecogle5@comsenz.com,Female
7,Britney Gilhouley,bgilhouley6@washington.edu,Genderfluid
8,Elora Fehely,efehely7@cdc.gov,Female
9,Cassie Labin,clabin8@nature.com,Male
10,Barbee Hiland,bhiland9@unesco.org,Polygender
